id,name,email,password
TCHR_003,Karan Das,karan.das@tibl.ai,password123
TCHR_004,Priya Reddy,priya.reddy@tibl.ai,password123
TCHR_005,Isha Sharma,isha.sharma@tibl.ai,password123
TCHR_006,Sourav Gupta,sourav.gupta@tibl.ai,password123
TCHR_007,Anu Iyer,anu.iyer@tibl.ai,password123
TCHR_008,Rahul Chopra,rahul.chopra@tibl.ai,password123
TCHR_009,Ankit Kumar,ankit.kumar@tibl.ai,password123
TCHR_010,Amit Sharma,amit.sharma@tibl.ai,password123
TCHR_011,Priya Das,priya.das@tibl.ai,password123
TCHR_012,Vivek Chopra,vivek.chopra@tibl.ai,password123
TCHR_013,Amit Iyer,amit.iyer@tibl.ai,password123
TCHR_014,Priya Gupta,priya.gupta@tibl.ai,password123
TCHR_015,Sourav Gupta,sourav.gupta.2@tibl.ai,password123
TCHR_016,Vivek Nair,vivek.nair@tibl.ai,password123
TCHR_017,Priya Joshi,priya.joshi@tibl.ai,password123
TCHR_018,Ritu Patel,ritu.patel@tibl.ai,password123
TCHR_019,Rohan Mehta,rohan.mehta@tibl.ai,password123
TCHR_020,Amit Khan,amit.khan@tibl.ai,password123
TCHR_001,Shilpa,shilpa@tibl.ai,password123
